ID,Job Title,Location,Sector,Job Type,Closing Date,Job URL,Employer,Scrape Date
9a5a7dc4b6564d3c5e0af9ee88c2c7a8,Registered Nurse - Maclean,Not specified,Aged Care,Not specified,Not specified,https://careers.whiddon.com.au/en/job/495065/registered-nurse-maclean,Whiddon,2026-09-26
1de9bbed4422751c06b26163f73639c1,Administration Clerk - Mudgee,Not specified,Aged Care,Not specified,Not specified,https://careers.whiddon.com.au/en/job/495061/administration-clerk-mudgee,Whiddon,2026-09-26
7b239bc7af161b5e7e8e9d15a6cdc97d,Home Care Employee - Wingham Community,Not specified,Aged Care,Not specified,Not specified,https://careers.whiddon.com.au/en/job/495062/home-care-employee-wingham-community,Whiddon,2026-09-26
4293bd2bd2b1d8cdbe1ecc78207db7b6,Catering Assistant - Casino,Not specified,Aged Care,Not specified,Not specified,https://careers.whiddon.com.au/en/job/495063/catering-assistant-casino,Whiddon,2026-09-26
4277cc2eff86e2aac532b49d5cc39f68,Registered Nurse - Kyogle,Not specified,Aged Care,Not specified,Not specified,https://careers.whiddon.com.au/en/job/495060/registered-nurse-kyogle,Whiddon,2026-09-26
efbf078e96a89c366f83edcd7864fa82,Wellbeing and Care Support Officer - Grafton,Not specified,Aged Care,Not specified,Not specified,https://careers.whiddon.com.au/en/job/495058/wellbeing-and-care-support-officer-grafton,Whiddon,2026-09-26
a3190b682936866985dec259144b4cc7,Home Care Employee - Kyogle,Not specified,Aged Care,Not specified,Not specified,https://careers.whiddon.com.au/en/job/495046/home-care-employee-kyogle,Whiddon,2026-09-26
c470e0b6ef1a397c6fcea708be4e7112,Home Care Employee - Tweed Heads,Not specified,Aged Care,Not specified,Not specified,https://careers.whiddon.com.au/en/job/495047/home-care-employee-tweed-heads,Whiddon,2026-09-26
be27313f782062004dfda98b6e385670,Community Care Coordinator - Tamworth,Not specified,Aged Care,Not specified,Not specified,https://careers.whiddon.com.au/en/job/495050/community-care-coordinator-tamworth,Whiddon,2026-09-26
fa14fedfb7b32ce15f2cf5d829577885,Home Care Employee - Grafton,Not specified,Aged Care,Not specified,Not specified,https://careers.whiddon.com.au/en/job/495051/home-care-employee-grafton,Whiddon,2026-09-26
1efee8b9dafd23b6d7185d7e7c90f9e4,Assistant in Nursing - Mudgee,Not specified,Aged Care,Not specified,Not specified,https://careers.whiddon.com.au/en/job/495052/assistant-in-nursing-mudgee,Whiddon,2026-09-26
0a60c8ef8c8a966113d71dd41d823ddd,Registered Nurse - Mudgee,Not specified,Aged Care,Not specified,Not specified,https://careers.whiddon.com.au/en/job/495053/registered-nurse-mudgee,Whiddon,2026-09-26
781a233064ea8726f65fae5bef7a14ce,Catering Assistant - Maclean Mareeba,Not specified,Aged Care,Not specified,Not specified,https://careers.whiddon.com.au/en/job/495055/catering-assistant-maclean-mareeba,Whiddon,2026-09-26
22d667f51219e67e3fe878537c3c383b,Domestic Assistant - Maclean,Not specified,Aged Care,Not specified,Not specified,https://careers.whiddon.com.au/en/job/495054/domestic-assistant-maclean,Whiddon,2026-09-26
46bc91ee81994cf93684c77cfe82051a,Domestic Assistant - Moree,Not specified,Aged Care,Not specified,Not specified,https://careers.whiddon.com.au/en/job/495048/domestic-assistant-moree,Whiddon,2026-09-26
11d826d4abf4f95e81cdc983c317bb77,Care Service Manager - Moree,Not specified,Aged Care,Not specified,Not specified,https://careers.whiddon.com.au/en/job/495037/care-service-manager-moree,Whiddon,2026-09-26
82b6b0daecf5edcee425a8c48e4c80fb,Domestic Care Service Employee,Not specified,Aged Care,Not specified,Not specified,https://careers.whiddon.com.au/en/job/495040/domestic-care-service-employee,Whiddon,2026-09-26
ed49a5a0d5da496a4dff39683660f804,Assistant in Nursing - Beaudesert,Not specified,Aged Care,Not specified,Not specified,https://careers.whiddon.com.au/en/job/495044/assistant-in-nursing-beaudesert,Whiddon,2026-09-26
c5979b06e6a19522360b0d76e6f41472,Catering Assistant - Beaudesert,Not specified,Aged Care,Not specified,Not specified,https://careers.whiddon.com.au/en/job/495045/catering-assistant-beaudesert,Whiddon,2026-09-26
22b253a78cdb577a31496e26a134c605,Wellbeing & Lifestyle Coordinator - Kyogle,Not specified,Aged Care,Not specified,Not specified,https://careers.whiddon.com.au/en/job/495039/wellbeing-lifestyle-coordinator-kyogle,Whiddon,2026-09-26
9a5a7dc4b6564d3c5e0af9ee88c2c7a8,Registered Nurse - Maclean,Not specified,Aged Care,Not specified,Not specified,https://careers.whiddon.com.au/en/job/495065/registered-nurse-maclean,Whiddon,2026-09-26
1de9bbed4422751c06b26163f73639c1,Administration Clerk - Mudgee,Not specified,Aged Care,Not specified,Not specified,https://careers.whiddon.com.au/en/job/495061/administration-clerk-mudgee,Whiddon,2026-09-26
7b239bc7af161b5e7e8e9d15a6cdc97d,Home Care Employee - Wingham Community,Not specified,Aged Care,Not specified,Not specified,https://careers.whiddon.com.au/en/job/495062/home-care-employee-wingham-community,Whiddon,2026-09-26
4293bd2bd2b1d8cdbe1ecc78207db7b6,Catering Assistant - Casino,Not specified,Aged Care,Not specified,Not specified,https://careers.whiddon.com.au/en/job/495063/catering-assistant-casino,Whiddon,2026-09-26
4277cc2eff86e2aac532b49d5cc39f68,Registered Nurse - Kyogle,Not specified,Aged Care,Not specified,Not specified,https://careers.whiddon.com.au/en/job/495060/registered-nurse-kyogle,Whiddon,2026-09-26
efbf078e96a89c366f83edcd7864fa82,Wellbeing and Care Support Officer - Grafton,Not specified,Aged Care,Not specified,Not specified,https://careers.whiddon.com.au/en/job/495058/wellbeing-and-care-support-officer-grafton,Whiddon,2026-09-26
a3190b682936866985dec259144b4cc7,Home Care Employee - Kyogle,Not specified,Aged Care,Not specified,Not specified,https://careers.whiddon.com.au/en/job/495046/home-care-employee-kyogle,Whiddon,2026-09-26
c470e0b6ef1a397c6fcea708be4e7112,Home Care Employee - Tweed Heads,Not specified,Aged Care,Not specified,Not specified,https://careers.whiddon.com.au/en/job/495047/home-care-employee-tweed-heads,Whiddon,2026-09-26
be27313f782062004dfda98b6e385670,Community Care Coordinator - Tamworth,Not specified,Aged Care,Not specified,Not specified,https://careers.whiddon.com.au/en/job/495050/community-care-coordinator-tamworth,Whiddon,2026-09-26
fa14fedfb7b32ce15f2cf5d829577885,Home Care Employee - Grafton,Not specified,Aged Care,Not specified,Not specified,https://careers.whiddon.com.au/en/job/495051/home-care-employee-grafton,Whiddon,2026-09-26
1efee8b9dafd23b6d7185d7e7c90f9e4,Assistant in Nursing - Mudgee,Not specified,Aged Care,Not specified,Not specified,https://careers.whiddon.com.au/en/job/495052/assistant-in-nursing-mudgee,Whiddon,2026-09-26
0a60c8ef8c8a966113d71dd41d823ddd,Registered Nurse - Mudgee,Not specified,Aged Care,Not specified,Not specified,https://careers.whiddon.com.au/en/job/495053/registered-nurse-mudgee,Whiddon,2026-09-26
781a233064ea8726f65fae5bef7a14ce,Catering Assistant - Maclean Mareeba,Not specified,Aged Care,Not specified,Not specified,https://careers.whiddon.com.au/en/job/495055/catering-assistant-maclean-mareeba,Whiddon,2026-09-26
22d667f51219e67e3fe878537c3c383b,Domestic Assistant - Maclean,Not specified,Aged Care,Not specified,Not specified,https://careers.whiddon.com.au/en/job/495054/domestic-assistant-maclean,Whiddon,2026-09-26
46bc91ee81994cf93684c77cfe82051a,Domestic Assistant - Moree,Not specified,Aged Care,Not specified,Not specified,https://careers.whiddon.com.au/en/job/495048/domestic-assistant-moree,Whiddon,2026-09-26
11d826d4abf4f95e81cdc983c317bb77,Care Service Manager - Moree,Not specified,Aged Care,Not specified,Not specified,https://careers.whiddon.com.au/en/job/495037/care-service-manager-moree,Whiddon,2026-09-26
82b6b0daecf5edcee425a8c48e4c80fb,Domestic Care Service Employee,Not specified,Aged Care,Not specified,Not specified,https://careers.whiddon.com.au/en/job/495040/domestic-care-service-employee,Whiddon,2026-09-26
ed49a5a0d5da496a4dff39683660f804,Assistant in Nursing - Beaudesert,Not specified,Aged Care,Not specified,Not specified,https://careers.whiddon.com.au/en/job/495044/assistant-in-nursing-beaudesert,Whiddon,2026-09-26
c5979b06e6a19522360b0d76e6f41472,Catering Assistant - Beaudesert,Not specified,Aged Care,Not specified,Not specified,https://careers.whiddon.com.au/en/job/495045/catering-assistant-beaudesert,Whiddon,2026-09-26
22b253a78cdb577a31496e26a134c605,Wellbeing & Lifestyle Coordinator - Kyogle,Not specified,Aged Care,Not specified,Not specified,https://careers.whiddon.com.au/en/job/495039/wellbeing-lifestyle-coordinator-kyogle,Whiddon,2026-09-26
a51de9a042d39fa69c2da09d0ed5cf20,Registered Nurse - Easton Park (SDM),Not specified,Aged Care,Not specified,Not specified,https://careers.whiddon.com.au/en/job/495036/registered-nurse-easton-park-sdm,Whiddon,2026-09-26
c472a0af465a0265d7b7e767d8900921,Maintenance Officer - Glenfield,Not specified,Aged Care,Not specified,Not specified,https://careers.whiddon.com.au/en/job/495038/maintenance-officer-glenfield,Whiddon,2026-09-26
cd53d957340c4df64fac17afa80e5c5c,Home Care Community Cleaner,Not specified,Aged Care,Not specified,Not specified,https://careers.whiddon.com.au/en/job/495027/home-care-community-cleaner,Whiddon,2026-09-26
78efc634b66c75dcebae3989255bbbef,Home Care Employee,Not specified,Aged Care,Not specified,Not specified,https://careers.whiddon.com.au/en/job/495028/home-care-employee,Whiddon,2026-09-26
1da88590d2900c7fb5e32d1783eaf0ee,Wellbeing and Lifestyle Officer - Redhead,Not specified,Aged Care,Not specified,Not specified,https://careers.whiddon.com.au/en/job/495029/wellbeing-and-lifestyle-officer-redhead,Whiddon,2026-09-26
e3db521e445e9d3298be77570628b7e4,Registered Nurse - Casino,Not specified,Aged Care,Not specified,Not specified,https://careers.whiddon.com.au/en/job/495035/registered-nurse-casino,Whiddon,2026-09-26
364344d3fae0e7f1fe57551ab161bbe6,Gardening Companion Volunteer - Easton Park TH,Not specified,Aged Care,Not specified,Not specified,https://careers.whiddon.com.au/en/job/495033/gardening-companion-volunteer-easton-park-th,Whiddon,2026-09-26
0647a053c799f90a5d3b09eb4a1fa001,Home Care Cleaner,Not specified,Aged Care,Not specified,Not specified,https://careers.whiddon.com.au/en/job/495024/home-care-cleaner,Whiddon,2026-09-26
b4f71f375c9d9b66f3bec6c8ae109c9b,Paw-sitive Companion - Volunteer with Pet - Kelso,Not specified,Aged Care,Not specified,Not specified,https://careers.whiddon.com.au/en/job/494806/pawsitive-companion-volunteer-with-pet-kelso,Whiddon,2026-09-26
bdfcc62c2d931da2c391c6ced3764f49,Spiritual and Pastoral Care Volunteer - Bourke,Not specified,Aged Care,Not specified,Not specified,https://careers.whiddon.com.au/en/job/494965/spiritual-and-pastoral-care-volunteer-bourke,Whiddon,2026-09-26
0cb77513750db9ab58d5a78bdedbd73b,Spiritual and Pastoral Care Volunteer - Wee Waa,Not specified,Aged Care,Not specified,Not specified,https://careers.whiddon.com.au/en/job/494966/spiritual-and-pastoral-care-volunteer-wee-waa,Whiddon,2026-09-26
4e1135c492a7b4cbf81a292cfc94632d,Spiritual and Pastoral Care Volunteer - Beaudesert,Not specified,Aged Care,Not specified,Not specified,https://careers.whiddon.com.au/en/job/494961/spiritual-and-pastoral-care-volunteer-beaudesert,Whiddon,2026-09-26
0fec117286e825e8efcc7701f32b589c,Spiritual and Pastoral Care Volunteer - Kelso,Not specified,Aged Care,Not specified,Not specified,https://careers.whiddon.com.au/en/job/494948/spiritual-and-pastoral-care-volunteer-kelso,Whiddon,2026-09-26
333c0816f1d01fefa479327b5752759d,Men's Group Volunteer - JH,Not specified,Aged Care,Not specified,Not specified,https://careers.whiddon.com.au/en/job/494949/mens-group-volunteer-jh,Whiddon,2026-09-26
2b0136c44a88312b445e8484c0c8389a,Men's Group Volunteer - RY,Not specified,Aged Care,Not specified,Not specified,https://careers.whiddon.com.au/en/job/494950/mens-group-volunteer-ry,Whiddon,2026-09-26
5a799067456b5cc50007e01f52f710d1,Spiritual and Pastoral Care Volunteer - Casino,Not specified,Aged Care,Not specified,Not specified,https://careers.whiddon.com.au/en/job/494870/spiritual-and-pastoral-care-volunteer-casino,Whiddon,2026-09-26
2c0f5c621c4b45205cbb93042f8b81ad,Paw-sitive Companion - Volunteer with Pet - Grafton,Not specified,Aged Care,Not specified,Not specified,https://careers.whiddon.com.au/en/job/494866/pawsitive-companion-volunteer-with-pet-grafton,Whiddon,2026-09-26
8454d851f6e9590246ec9dec387ef86c,Outing Companion Volunteer - Wee Waa,Not specified,Aged Care,Not specified,Not specified,https://careers.whiddon.com.au/en/job/494867/outing-companion-volunteer-wee-waa,Whiddon,2026-09-26
d1069f4b2a461351c462cbfe01f4e826,Men's Group Volunteer - Wee Waa,Not specified,Aged Care,Not specified,Not specified,https://careers.whiddon.com.au/en/job/494868/mens-group-volunteer-wee-waa,Whiddon,2026-09-26
2d245365f33270362952e3bce822665c,Spiritual and Pastoral Care Volunteer - Belmont,Not specified,Aged Care,Not specified,Not specified,https://careers.whiddon.com.au/en/job/494861/spiritual-and-pastoral-care-volunteer-belmont,Whiddon,2026-09-26
a51de9a042d39fa69c2da09d0ed5cf20,Registered Nurse - Easton Park (SDM),Not specified,Aged Care,Not specified,Not specified,https://careers.whiddon.com.au/en/job/495036/registered-nurse-easton-park-sdm,Whiddon,2026-09-26
c472a0af465a0265d7b7e767d8900921,Maintenance Officer - Glenfield,Not specified,Aged Care,Not specified,Not specified,https://careers.whiddon.com.au/en/job/495038/maintenance-officer-glenfield,Whiddon,2026-09-26
cd53d957340c4df64fac17afa80e5c5c,Home Care Community Cleaner,Not specified,Aged Care,Not specified,Not specified,https://careers.whiddon.com.au/en/job/495027/home-care-community-cleaner,Whiddon,2026-09-26
78efc634b66c75dcebae3989255bbbef,Home Care Employee,Not specified,Aged Care,Not specified,Not specified,https://careers.whiddon.com.au/en/job/495028/home-care-employee,Whiddon,2026-09-26
1da88590d2900c7fb5e32d1783eaf0ee,Wellbeing and Lifestyle Officer - Redhead,Not specified,Aged Care,Not specified,Not specified,https://careers.whiddon.com.au/en/job/495029/wellbeing-and-lifestyle-officer-redhead,Whiddon,2026-09-26
e3db521e445e9d3298be77570628b7e4,Registered Nurse - Casino,Not specified,Aged Care,Not specified,Not specified,https://careers.whiddon.com.au/en/job/495035/registered-nurse-casino,Whiddon,2026-09-26
364344d3fae0e7f1fe57551ab161bbe6,Gardening Companion Volunteer - Easton Park TH,Not specified,Aged Care,Not specified,Not specified,https://careers.whiddon.com.au/en/job/495033/gardening-companion-volunteer-easton-park-th,Whiddon,2026-09-26
0647a053c799f90a5d3b09eb4a1fa001,Home Care Cleaner,Not specified,Aged Care,Not specified,Not specified,https://careers.whiddon.com.au/en/job/495024/home-care-cleaner,Whiddon,2026-09-26
b4f71f375c9d9b66f3bec6c8ae109c9b,Paw-sitive Companion - Volunteer with Pet - Kelso,Not specified,Aged Care,Not specified,Not specified,https://careers.whiddon.com.au/en/job/494806/pawsitive-companion-volunteer-with-pet-kelso,Whiddon,2026-09-26
bdfcc62c2d931da2c391c6ced3764f49,Spiritual and Pastoral Care Volunteer - Bourke,Not specified,Aged Care,Not specified,Not specified,https://careers.whiddon.com.au/en/job/494965/spiritual-and-pastoral-care-volunteer-bourke,Whiddon,2026-09-26
0cb77513750db9ab58d5a78bdedbd73b,Spiritual and Pastoral Care Volunteer - Wee Waa,Not specified,Aged Care,Not specified,Not specified,https://careers.whiddon.com.au/en/job/494966/spiritual-and-pastoral-care-volunteer-wee-waa,Whiddon,2026-09-26
4e1135c492a7b4cbf81a292cfc94632d,Spiritual and Pastoral Care Volunteer - Beaudesert,Not specified,Aged Care,Not specified,Not specified,https://careers.whiddon.com.au/en/job/494961/spiritual-and-pastoral-care-volunteer-beaudesert,Whiddon,2026-09-26
0fec117286e825e8efcc7701f32b589c,Spiritual and Pastoral Care Volunteer - Kelso,Not specified,Aged Care,Not specified,Not specified,https://careers.whiddon.com.au/en/job/494948/spiritual-and-pastoral-care-volunteer-kelso,Whiddon,2026-09-26
333c0816f1d01fefa479327b5752759d,Men's Group Volunteer - JH,Not specified,Aged Care,Not specified,Not specified,https://careers.whiddon.com.au/en/job/494949/mens-group-volunteer-jh,Whiddon,2026-09-26
2b0136c44a88312b445e8484c0c8389a,Men's Group Volunteer - RY,Not specified,Aged Care,Not specified,Not specified,https://careers.whiddon.com.au/en/job/494950/mens-group-volunteer-ry,Whiddon,2026-09-26
5a799067456b5cc50007e01f52f710d1,Spiritual and Pastoral Care Volunteer - Casino,Not specified,Aged Care,Not specified,Not specified,https://careers.whiddon.com.au/en/job/494870/spiritual-and-pastoral-care-volunteer-casino,Whiddon,2026-09-26
2c0f5c621c4b45205cbb93042f8b81ad,Paw-sitive Companion - Volunteer with Pet - Grafton,Not specified,Aged Care,Not specified,Not specified,https://careers.whiddon.com.au/en/job/494866/pawsitive-companion-volunteer-with-pet-grafton,Whiddon,2026-09-26
8454d851f6e9590246ec9dec387ef86c,Outing Companion Volunteer - Wee Waa,Not specified,Aged Care,Not specified,Not specified,https://careers.whiddon.com.au/en/job/494867/outing-companion-volunteer-wee-waa,Whiddon,2026-09-26
d1069f4b2a461351c462cbfe01f4e826,Men's Group Volunteer - Wee Waa,Not specified,Aged Care,Not specified,Not specified,https://careers.whiddon.com.au/en/job/494868/mens-group-volunteer-wee-waa,Whiddon,2026-09-26
2d245365f33270362952e3bce822665c,Spiritual and Pastoral Care Volunteer - Belmont,Not specified,Aged Care,Not specified,Not specified,https://careers.whiddon.com.au/en/job/494861/spiritual-and-pastoral-care-volunteer-belmont,Whiddon,2026-09-26
5d2e0d4cf82c94b8a8cebdb148daa321,Men's Group Volunteer - Kyogle,Not specified,Aged Care,Not specified,Not specified,https://careers.whiddon.com.au/en/job/494857/mens-group-volunteer-kyogle,Whiddon,2026-09-26
cff9b466368042c128accb74fe59ba7b,Men's Shed Legend Volunteer - Kyogle,Not specified,Aged Care,Not specified,Not specified,https://careers.whiddon.com.au/en/job/494858/mens-shed-legend-volunteer-kyogle,Whiddon,2026-09-26
223d07c10f2df8fb6fce6c99dc041aef,Activity Support - Wellness Warrior Volunteer - Maclean,Not specified,Aged Care,Not specified,Not specified,https://careers.whiddon.com.au/en/job/494795/activity-support-wellness-warrior-volunteer-maclean,Whiddon,2026-09-26
847cb52bb56a6b646c6dda8291834d03,Companionship - Moment Maker Volunteer - Maclean,Not specified,Aged Care,Not specified,Not specified,https://careers.whiddon.com.au/en/job/494796/companionship-moment-maker-volunteer-maclean,Whiddon,2026-09-26
ee900750c4953a9303112d501cee3f9d,Activity Support - Wellness Warrior Volunteer - Beaudesert,Not specified,Aged Care,Not specified,Not specified,https://careers.whiddon.com.au/en/job/494797/activity-support-wellness-warrior-volunteer-beaudesert,Whiddon,2026-09-26
0b49cad3f797725c8759c5f7c6ced222,Companionship - Moment Maker Volunteer - Beaudesert,Not specified,Aged Care,Not specified,Not specified,https://careers.whiddon.com.au/en/job/494798/companionship-moment-maker-volunteer-beaudesert,Whiddon,2026-09-26
18bc79605613490097b7a2c1743612b7,Companionship - Moment Maker Volunteer - Belmont,Not specified,Aged Care,Not specified,Not specified,https://careers.whiddon.com.au/en/job/494800/companionship-moment-maker-volunteer-belmont,Whiddon,2026-09-26
f7fa107c7cdbeb6529bab77508c7c26b,Men's Group Volunteer - Belmont,Not specified,Aged Care,Not specified,Not specified,https://careers.whiddon.com.au/en/job/494801/mens-group-volunteer-belmont,Whiddon,2026-09-26
5221d1a6e4908875ba244a1378cd9b6f,Paw-sitive Companion - Volunteer with Pet  - Narrabri JH,Not specified,Aged Care,Not specified,Not specified,https://careers.whiddon.com.au/en/job/494802/pawsitive-companion-volunteer-with-pet-narrabri-jh,Whiddon,2026-09-26
bef0ad8b92d13e4331f370b8534f3cc4,Event and Celebration Squad Volunteer - Maclean,Not specified,Aged Care,Not specified,Not specified,https://careers.whiddon.com.au/en/job/494803/event-and-celebration-squad-volunteer-maclean,Whiddon,2026-09-26
340a27840bec0fd8a6c646e48fb1b6ff,Companionship - Moment Maker Volunteer - Kelso,Not specified,Aged Care,Not specified,Not specified,https://careers.whiddon.com.au/en/job/494805/companionship-moment-maker-volunteer-kelso,Whiddon,2026-09-26
6e1e0bdca9714ba9453e1fb3d6a1b1b7,Event and Celebration Squad Volunteer - Kelso,Not specified,Aged Care,Not specified,Not specified,https://careers.whiddon.com.au/en/job/494807/event-and-celebration-squad-volunteer-kelso,Whiddon,2026-09-26
4b469f1dc76193bef50ea1ab0121094b,Activity Support - Wellness Warrior Volunteer - Largs,Not specified,Aged Care,Not specified,Not specified,https://careers.whiddon.com.au/en/job/494808/activity-support-wellness-warrior-volunteer-largs,Whiddon,2026-09-26
c78b7a74045325ec9a77d145ea3c269f,Companionship - Moment Maker Volunteer - Largs,Not specified,Aged Care,Not specified,Not specified,https://careers.whiddon.com.au/en/job/494809/companionship-moment-maker-volunteer-largs,Whiddon,2026-09-26
64c1278767ed31ea844405b8efbfc946,Activity Support - Wellness Warrior Volunteer - Wingham,Not specified,Aged Care,Not specified,Not specified,https://careers.whiddon.com.au/en/job/494812/activity-support-wellness-warrior-volunteer-wingham,Whiddon,2026-09-26
694c4b3a1ffc20eb50e29612314c6949,Companionship - Moment Maker Volunteer - Wingham,Not specified,Aged Care,Not specified,Not specified,https://careers.whiddon.com.au/en/job/494813/companionship-moment-maker-volunteer-wingham,Whiddon,2026-09-26
abb81b4a3485e168555d45967c7ac76a,Activity Support - Wellness Warrior Volunteer - Moree,Not specified,Aged Care,Not specified,Not specified,https://careers.whiddon.com.au/en/job/494814/activity-support-wellness-warrior-volunteer-moree,Whiddon,2026-09-26
05f912f6f3c46ec21ab5f99829b7d41d,Companionship - Moment Maker Volunteer - Moree,Not specified,Aged Care,Not specified,Not specified,https://careers.whiddon.com.au/en/job/494815/companionship-moment-maker-volunteer-moree,Whiddon,2026-09-26
6d196b8b0f75643e9faec1daae75a30e,Activity Support - Wellness Warrior Volunteer - Easton Park AWC,Not specified,Aged Care,Not specified,Not specified,https://careers.whiddon.com.au/en/job/494816/activity-support-wellness-warrior-volunteer-easton-park-awc,Whiddon,2026-09-26
8ea2e0af0dd85861f6752d5202601833,Companionship - Moment Maker Volunteer - Easton Park AWC,Not specified,Aged Care,Not specified,Not specified,https://careers.whiddon.com.au/en/job/494817/companionship-moment-maker-volunteer-easton-park-awc,Whiddon,2026-09-26
5d2e0d4cf82c94b8a8cebdb148daa321,Men's Group Volunteer - Kyogle,Not specified,Aged Care,Not specified,Not specified,https://careers.whiddon.com.au/en/job/494857/mens-group-volunteer-kyogle,Whiddon,2026-09-26
cff9b466368042c128accb74fe59ba7b,Men's Shed Legend Volunteer - Kyogle,Not specified,Aged Care,Not specified,Not specified,https://careers.whiddon.com.au/en/job/494858/mens-shed-legend-volunteer-kyogle,Whiddon,2026-09-26
223d07c10f2df8fb6fce6c99dc041aef,Activity Support - Wellness Warrior Volunteer - Maclean,Not specified,Aged Care,Not specified,Not specified,https://careers.whiddon.com.au/en/job/494795/activity-support-wellness-warrior-volunteer-maclean,Whiddon,2026-09-26
847cb52bb56a6b646c6dda8291834d03,Companionship - Moment Maker Volunteer - Maclean,Not specified,Aged Care,Not specified,Not specified,https://careers.whiddon.com.au/en/job/494796/companionship-moment-maker-volunteer-maclean,Whiddon,2026-09-26
ee900750c4953a9303112d501cee3f9d,Activity Support - Wellness Warrior Volunteer - Beaudesert,Not specified,Aged Care,Not specified,Not specified,https://careers.whiddon.com.au/en/job/494797/activity-support-wellness-warrior-volunteer-beaudesert,Whiddon,2026-09-26
0b49cad3f797725c8759c5f7c6ced222,Companionship - Moment Maker Volunteer - Beaudesert,Not specified,Aged Care,Not specified,Not specified,https://careers.whiddon.com.au/en/job/494798/companionship-moment-maker-volunteer-beaudesert,Whiddon,2026-09-26
18bc79605613490097b7a2c1743612b7,Companionship - Moment Maker Volunteer - Belmont,Not specified,Aged Care,Not specified,Not specified,https://careers.whiddon.com.au/en/job/494800/companionship-moment-maker-volunteer-belmont,Whiddon,2026-09-26
f7fa107c7cdbeb6529bab77508c7c26b,Men's Group Volunteer - Belmont,Not specified,Aged Care,Not specified,Not specified,https://careers.whiddon.com.au/en/job/494801/mens-group-volunteer-belmont,Whiddon,2026-09-26
5221d1a6e4908875ba244a1378cd9b6f,Paw-sitive Companion - Volunteer with Pet  - Narrabri JH,Not specified,Aged Care,Not specified,Not specified,https://careers.whiddon.com.au/en/job/494802/pawsitive-companion-volunteer-with-pet-narrabri-jh,Whiddon,2026-09-26
bef0ad8b92d13e4331f370b8534f3cc4,Event and Celebration Squad Volunteer - Maclean,Not specified,Aged Care,Not specified,Not specified,https://careers.whiddon.com.au/en/job/494803/event-and-celebration-squad-volunteer-maclean,Whiddon,2026-09-26
340a27840bec0fd8a6c646e48fb1b6ff,Companionship - Moment Maker Volunteer - Kelso,Not specified,Aged Care,Not specified,Not specified,https://careers.whiddon.com.au/en/job/494805/companionship-moment-maker-volunteer-kelso,Whiddon,2026-09-26
6e1e0bdca9714ba9453e1fb3d6a1b1b7,Event and Celebration Squad Volunteer - Kelso,Not specified,Aged Care,Not specified,Not specified,https://careers.whiddon.com.au/en/job/494807/event-and-celebration-squad-volunteer-kelso,Whiddon,2026-09-26
4b469f1dc76193bef50ea1ab0121094b,Activity Support - Wellness Warrior Volunteer - Largs,Not specified,Aged Care,Not specified,Not specified,https://careers.whiddon.com.au/en/job/494808/activity-support-wellness-warrior-volunteer-largs,Whiddon,2026-09-26
c78b7a74045325ec9a77d145ea3c269f,Companionship - Moment Maker Volunteer - Largs,Not specified,Aged Care,Not specified,Not specified,https://careers.whiddon.com.au/en/job/494809/companionship-moment-maker-volunteer-largs,Whiddon,2026-09-26
64c1278767ed31ea844405b8efbfc946,Activity Support - Wellness Warrior Volunteer - Wingham,Not specified,Aged Care,Not specified,Not specified,https://careers.whiddon.com.au/en/job/494812/activity-support-wellness-warrior-volunteer-wingham,Whiddon,2026-09-26
694c4b3a1ffc20eb50e29612314c6949,Companionship - Moment Maker Volunteer - Wingham,Not specified,Aged Care,Not specified,Not specified,https://careers.whiddon.com.au/en/job/494813/companionship-moment-maker-volunteer-wingham,Whiddon,2026-09-26
abb81b4a3485e168555d45967c7ac76a,Activity Support - Wellness Warrior Volunteer - Moree,Not specified,Aged Care,Not specified,Not specified,https://careers.whiddon.com.au/en/job/494814/activity-support-wellness-warrior-volunteer-moree,Whiddon,2026-09-26
05f912f6f3c46ec21ab5f99829b7d41d,Companionship - Moment Maker Volunteer - Moree,Not specified,Aged Care,Not specified,Not specified,https://careers.whiddon.com.au/en/job/494815/companionship-moment-maker-volunteer-moree,Whiddon,2026-09-26
6d196b8b0f75643e9faec1daae75a30e,Activity Support - Wellness Warrior Volunteer - Easton Park AWC,Not specified,Aged Care,Not specified,Not specified,https://careers.whiddon.com.au/en/job/494816/activity-support-wellness-warrior-volunteer-easton-park-awc,Whiddon,2026-09-26
8ea2e0af0dd85861f6752d5202601833,Companionship - Moment Maker Volunteer - Easton Park AWC,Not specified,Aged Care,Not specified,Not specified,https://careers.whiddon.com.au/en/job/494817/companionship-moment-maker-volunteer-easton-park-awc,Whiddon,2026-09-26
dad4da39da903c1ab92a050694f86b27,Paw-sitive Companion - Volunteer with Pet - Easton Park AWC,Not specified,Aged Care,Not specified,Not specified,https://careers.whiddon.com.au/en/job/494818/pawsitive-companion-volunteer-with-pet-easton-park-awc,Whiddon,2026-09-26
6f09acf90635f8fd063e7132fefb3dad,Outing Companion Volunteer - Easton Park AWC,Not specified,Aged Care,Not specified,Not specified,https://careers.whiddon.com.au/en/job/494819/outing-companion-volunteer-easton-park-awc,Whiddon,2026-09-26
9c2f290caa5153d1144ae41363d17594,Activity Support - Wellness Warrior Volunteer - Easton Park TH,Not specified,Aged Care,Not specified,Not specified,https://careers.whiddon.com.au/en/job/494823/activity-support-wellness-warrior-volunteer-easton-park-th,Whiddon,2026-09-26
df480a27a49b22a4f8da5a924519b3f4,Companionship - Moment Maker Volunteer - Easton Park TH,Not specified,Aged Care,Not specified,Not specified,https://careers.whiddon.com.au/en/job/494824/companionship-moment-maker-volunteer-easton-park-th,Whiddon,2026-09-26
2f47bbf132d581eb33ef81bf1139307a,Paw-sitive Companion - Volunteer with Pet - Easton Park TH,Not specified,Aged Care,Not specified,Not specified,https://careers.whiddon.com.au/en/job/494825/pawsitive-companion-volunteer-with-pet-easton-park-th,Whiddon,2026-09-26
9dd059c543886d711806efe87c2358ca,Activity Support - Wellness Warrior Volunteer - Easton Park SDM,Not specified,Aged Care,Not specified,Not specified,https://careers.whiddon.com.au/en/job/494826/activity-support-wellness-warrior-volunteer-easton-park-sdm,Whiddon,2026-09-26
c882546753daf7e3b7629a957efa0841,Companionship - Moment Maker Volunteer - Easton Park SDM,Not specified,Aged Care,Not specified,Not specified,https://careers.whiddon.com.au/en/job/494827/companionship-moment-maker-volunteer-easton-park-sdm,Whiddon,2026-09-26
23fa0d2ceb1424f381983f02b222ea37,Paw-sitive Companion - Volunteer with Pet - Easton Park SDM,Not specified,Aged Care,Not specified,Not specified,https://careers.whiddon.com.au/en/job/494828/pawsitive-companion-volunteer-with-pet-easton-park-sdm,Whiddon,2026-09-26
4a2231f4283afb4da229f54924966f81,Activity Support - Wellness Warrior Volunteer - Narrabri RY,Not specified,Aged Care,Not specified,Not specified,https://careers.whiddon.com.au/en/job/494786/activity-support-wellness-warrior-volunteer-narrabri-ry,Whiddon,2026-09-26
cb10e22d65a86e583ceade19e2a1ec39,Companionship - Moment Maker Volunteer - Narrabri RY,Not specified,Aged Care,Not specified,Not specified,https://careers.whiddon.com.au/en/job/494787/companionship-moment-maker-volunteer-narrabri-ry,Whiddon,2026-09-26
ec6c428ca664aa7af74abab38fcf67d0,Activity Support - Wellness Warrior Volunteer - Narrabri JH,Not specified,Aged Care,Not specified,Not specified,https://careers.whiddon.com.au/en/job/494788/activity-support-wellness-warrior-volunteer-narrabri-jh,Whiddon,2026-09-26
f9c8364d0e4948847fd4368ae52aac91,Companionship - Moment Maker Volunteer - Narrabri JH,Not specified,Aged Care,Not specified,Not specified,https://careers.whiddon.com.au/en/job/494789/companionship-moment-maker-volunteer-narrabri-jh,Whiddon,2026-09-26
5341b9e301ea8988d19d042e75cdae90,Activity Support - Wellness Warrior Volunteer - Bourke,Not specified,Aged Care,Not specified,Not specified,https://careers.whiddon.com.au/en/job/494782/activity-support-wellness-warrior-volunteer-bourke,Whiddon,2026-09-26
95a89c8f6e5b9f6eacf72d90dc86e602,Activity Support - Wellness Warrior Volunteer - Casino,Not specified,Aged Care,Not specified,Not specified,https://careers.whiddon.com.au/en/job/494767/activity-support-wellness-warrior-volunteer-casino,Whiddon,2026-09-26
b0c7b6fb8ecbb78ea371f7b9d2606cd0,Companionship - Moment Maker Volunteer - Casino,Not specified,Aged Care,Not specified,Not specified,https://careers.whiddon.com.au/en/job/494768/companionship-moment-maker-volunteer-casino,Whiddon,2026-09-26
e17074ae84a6b16e8795da487dee671a,Activity Support - Wellness Warrior Volunteer - Mudgee,Not specified,Aged Care,Not specified,Not specified,https://careers.whiddon.com.au/en/job/494769/activity-support-wellness-warrior-volunteer-mudgee,Whiddon,2026-09-26
8080bc660961f24097b11f124b1daa85,Events - Celebration Squad Volunteer - Mudgee,Not specified,Aged Care,Not specified,Not specified,https://careers.whiddon.com.au/en/job/494771/events-celebration-squad-volunteer-mudgee,Whiddon,2026-09-26
c108a8443fd77c442f8b3f3ae240b788,Men's Group Volunteer - Redhead,Not specified,Aged Care,Not specified,Not specified,https://careers.whiddon.com.au/en/job/494772/mens-group-volunteer-redhead,Whiddon,2026-09-26
f7d965e52fe4728f039d443b2a35200e,Companionship - Moment Maker Volunteer - Redhead,Not specified,Aged Care,Not specified,Not specified,https://careers.whiddon.com.au/en/job/494761/companionship-moment-maker-volunteer-redhead,Whiddon,2026-09-26
9e5fd6b529fbf83631eaa0b08814f5ee,Spiritual and Pastoral Care Volunteer - Grafton,Not specified,Aged Care,Not specified,Not specified,https://careers.whiddon.com.au/en/job/494751/spiritual-and-pastoral-care-volunteer-grafton,Whiddon,2026-09-26
dad4da39da903c1ab92a050694f86b27,Paw-sitive Companion - Volunteer with Pet - Easton Park AWC,Not specified,Aged Care,Not specified,Not specified,https://careers.whiddon.com.au/en/job/494818/pawsitive-companion-volunteer-with-pet-easton-park-awc,Whiddon,2026-09-26
6f09acf90635f8fd063e7132fefb3dad,Outing Companion Volunteer - Easton Park AWC,Not specified,Aged Care,Not specified,Not specified,https://careers.whiddon.com.au/en/job/494819/outing-companion-volunteer-easton-park-awc,Whiddon,2026-09-26
9c2f290caa5153d1144ae41363d17594,Activity Support - Wellness Warrior Volunteer - Easton Park TH,Not specified,Aged Care,Not specified,Not specified,https://careers.whiddon.com.au/en/job/494823/activity-support-wellness-warrior-volunteer-easton-park-th,Whiddon,2026-09-26
df480a27a49b22a4f8da5a924519b3f4,Companionship - Moment Maker Volunteer - Easton Park TH,Not specified,Aged Care,Not specified,Not specified,https://careers.whiddon.com.au/en/job/494824/companionship-moment-maker-volunteer-easton-park-th,Whiddon,2026-09-26
2f47bbf132d581eb33ef81bf1139307a,Paw-sitive Companion - Volunteer with Pet - Easton Park TH,Not specified,Aged Care,Not specified,Not specified,https://careers.whiddon.com.au/en/job/494825/pawsitive-companion-volunteer-with-pet-easton-park-th,Whiddon,2026-09-26
9dd059c543886d711806efe87c2358ca,Activity Support - Wellness Warrior Volunteer - Easton Park SDM,Not specified,Aged Care,Not specified,Not specified,https://careers.whiddon.com.au/en/job/494826/activity-support-wellness-warrior-volunteer-easton-park-sdm,Whiddon,2026-09-26
c882546753daf7e3b7629a957efa0841,Companionship - Moment Maker Volunteer - Easton Park SDM,Not specified,Aged Care,Not specified,Not specified,https://careers.whiddon.com.au/en/job/494827/companionship-moment-maker-volunteer-easton-park-sdm,Whiddon,2026-09-26
23fa0d2ceb1424f381983f02b222ea37,Paw-sitive Companion - Volunteer with Pet - Easton Park SDM,Not specified,Aged Care,Not specified,Not specified,https://careers.whiddon.com.au/en/job/494828/pawsitive-companion-volunteer-with-pet-easton-park-sdm,Whiddon,2026-09-26
4a2231f4283afb4da229f54924966f81,Activity Support - Wellness Warrior Volunteer - Narrabri RY,Not specified,Aged Care,Not specified,Not specified,https://careers.whiddon.com.au/en/job/494786/activity-support-wellness-warrior-volunteer-narrabri-ry,Whiddon,2026-09-26
cb10e22d65a86e583ceade19e2a1ec39,Companionship - Moment Maker Volunteer - Narrabri RY,Not specified,Aged Care,Not specified,Not specified,https://careers.whiddon.com.au/en/job/494787/companionship-moment-maker-volunteer-narrabri-ry,Whiddon,2026-09-26
ec6c428ca664aa7af74abab38fcf67d0,Activity Support - Wellness Warrior Volunteer - Narrabri JH,Not specified,Aged Care,Not specified,Not specified,https://careers.whiddon.com.au/en/job/494788/activity-support-wellness-warrior-volunteer-narrabri-jh,Whiddon,2026-09-26
f9c8364d0e4948847fd4368ae52aac91,Companionship - Moment Maker Volunteer - Narrabri JH,Not specified,Aged Care,Not specified,Not specified,https://careers.whiddon.com.au/en/job/494789/companionship-moment-maker-volunteer-narrabri-jh,Whiddon,2026-09-26
5341b9e301ea8988d19d042e75cdae90,Activity Support - Wellness Warrior Volunteer - Bourke,Not specified,Aged Care,Not specified,Not specified,https://careers.whiddon.com.au/en/job/494782/activity-support-wellness-warrior-volunteer-bourke,Whiddon,2026-09-26
95a89c8f6e5b9f6eacf72d90dc86e602,Activity Support - Wellness Warrior Volunteer - Casino,Not specified,Aged Care,Not specified,Not specified,https://careers.whiddon.com.au/en/job/494767/activity-support-wellness-warrior-volunteer-casino,Whiddon,2026-09-26
b0c7b6fb8ecbb78ea371f7b9d2606cd0,Companionship - Moment Maker Volunteer - Casino,Not specified,Aged Care,Not specified,Not specified,https://careers.whiddon.com.au/en/job/494768/companionship-moment-maker-volunteer-casino,Whiddon,2026-09-26
e17074ae84a6b16e8795da487dee671a,Activity Support - Wellness Warrior Volunteer - Mudgee,Not specified,Aged Care,Not specified,Not specified,https://careers.whiddon.com.au/en/job/494769/activity-support-wellness-warrior-volunteer-mudgee,Whiddon,2026-09-26
8080bc660961f24097b11f124b1daa85,Events - Celebration Squad Volunteer - Mudgee,Not specified,Aged Care,Not specified,Not specified,https://careers.whiddon.com.au/en/job/494771/events-celebration-squad-volunteer-mudgee,Whiddon,2026-09-26
c108a8443fd77c442f8b3f3ae240b788,Men's Group Volunteer - Redhead,Not specified,Aged Care,Not specified,Not specified,https://careers.whiddon.com.au/en/job/494772/mens-group-volunteer-redhead,Whiddon,2026-09-26
f7d965e52fe4728f039d443b2a35200e,Companionship - Moment Maker Volunteer - Redhead,Not specified,Aged Care,Not specified,Not specified,https://careers.whiddon.com.au/en/job/494761/companionship-moment-maker-volunteer-redhead,Whiddon,2026-09-26
9e5fd6b529fbf83631eaa0b08814f5ee,Spiritual and Pastoral Care Volunteer - Grafton,Not specified,Aged Care,Not specified,Not specified,https://careers.whiddon.com.au/en/job/494751/spiritual-and-pastoral-care-volunteer-grafton,Whiddon,2026-09-26
a16607cf9f2fb69aa1114b0d1b2def7a,Men's Group Volunteer - Grafton,Not specified,Aged Care,Not specified,Not specified,https://careers.whiddon.com.au/en/job/494746/mens-group-volunteer-grafton,Whiddon,2026-09-26
db2a1a3a7d1dce12e1095c29b4204700,Companionship - Moment Maker Volunteer - Kyogle,Not specified,Aged Care,Not specified,Not specified,https://careers.whiddon.com.au/en/job/494738/companionship-moment-maker-volunteer-kyogle,Whiddon,2026-09-26
2151ea60b614776b0c55acbd7e9787d8,Companionship - Moment Maker Volunteer - Wee Waa,Not specified,Aged Care,Not specified,Not specified,https://careers.whiddon.com.au/en/job/494740/companionship-moment-maker-volunteer-wee-waa,Whiddon,2026-09-26
3526e2e3d4a21102a92b3bea963a0f5d,Activity Support - Wellness Volunteer - Wee Waa,Not specified,Aged Care,Not specified,Not specified,https://careers.whiddon.com.au/en/job/494741/activity-support-wellness-volunteer-wee-waa,Whiddon,2026-09-26
7e4b758de83a19734e5f4d810da28872,Companionship - Moment Maker Volunteer - Bourke,Not specified,Aged Care,Not specified,Not specified,https://careers.whiddon.com.au/en/job/494742/companionship-moment-maker-volunteer-bourke,Whiddon,2026-09-26
944955c85d9e3039c4551f3db34694b5,Activity Support - Wellness Warrior Volunteer - Grafton,Not specified,Aged Care,Not specified,Not specified,https://careers.whiddon.com.au/en/job/494726/activity-support-wellness-warrior-volunteer-grafton,Whiddon,2026-09-26
ec657334b2053dcd84bd6a41707f376f,Companionship - Moment Maker Volunteer - Grafton,Not specified,Aged Care,Not specified,Not specified,https://careers.whiddon.com.au/en/job/494728/companionship-moment-maker-volunteer-grafton,Whiddon,2026-09-26
9179bc3dfb34c732607ab39f6d5a030d,EPU - Arabic and Turkish Speaking Volunteers,Not specified,Aged Care,Not specified,Not specified,https://careers.whiddon.com.au/en/job/494383/epu-arabic-and-turkish-speaking-volunteers,Whiddon,2026-09-26
a16607cf9f2fb69aa1114b0d1b2def7a,Men's Group Volunteer - Grafton,Not specified,Aged Care,Not specified,Not specified,https://careers.whiddon.com.au/en/job/494746/mens-group-volunteer-grafton,Whiddon,2026-09-26
db2a1a3a7d1dce12e1095c29b4204700,Companionship - Moment Maker Volunteer - Kyogle,Not specified,Aged Care,Not specified,Not specified,https://careers.whiddon.com.au/en/job/494738/companionship-moment-maker-volunteer-kyogle,Whiddon,2026-09-26
2151ea60b614776b0c55acbd7e9787d8,Companionship - Moment Maker Volunteer - Wee Waa,Not specified,Aged Care,Not specified,Not specified,https://careers.whiddon.com.au/en/job/494740/companionship-moment-maker-volunteer-wee-waa,Whiddon,2026-09-26
3526e2e3d4a21102a92b3bea963a0f5d,Activity Support - Wellness Volunteer - Wee Waa,Not specified,Aged Care,Not specified,Not specified,https://careers.whiddon.com.au/en/job/494741/activity-support-wellness-volunteer-wee-waa,Whiddon,2026-09-26
7e4b758de83a19734e5f4d810da28872,Companionship - Moment Maker Volunteer - Bourke,Not specified,Aged Care,Not specified,Not specified,https://careers.whiddon.com.au/en/job/494742/companionship-moment-maker-volunteer-bourke,Whiddon,2026-09-26
944955c85d9e3039c4551f3db34694b5,Activity Support - Wellness Warrior Volunteer - Grafton,Not specified,Aged Care,Not specified,Not specified,https://careers.whiddon.com.au/en/job/494726/activity-support-wellness-warrior-volunteer-grafton,Whiddon,2026-09-26
ec657334b2053dcd84bd6a41707f376f,Companionship - Moment Maker Volunteer - Grafton,Not specified,Aged Care,Not specified,Not specified,https://careers.whiddon.com.au/en/job/494728/companionship-moment-maker-volunteer-grafton,Whiddon,2026-09-26
9179bc3dfb34c732607ab39f6d5a030d,EPU - Arabic and Turkish Speaking Volunteers,Not specified,Aged Care,Not specified,Not specified,https://careers.whiddon.com.au/en/job/494383/epu-arabic-and-turkish-speaking-volunteers,Whiddon,2026-09-26
8f4d6883e03143c2789dfa1f46bec492,Disability Support Worker,"Newcastle, Maitland & Hunter, NSW",Disability Support,Part Time Permanent,,https://careers.lifestylesolutions.org.au/jobs/disability-support-worker-newcastle-maitland-hunter-nsw-australia-17fc2bf8-cd00-4bd1-bf5b-e925eb217d00,Lifestyle Solutions,2026-09-26
e1fb360a304a8ad3fbfdf5301c321b21,Disability Support Worker,"Gosford & Central Coast, NSW


        
    
    
      Newcastle, Maitland & Hunter, NSW",Disability Support,Casual,,https://careers.lifestylesolutions.org.au/jobs/disability-support-worker-newcastle-maitland-hunter-nsw-australia-gosford-central-coast-07c21b5f-682d-4e28-b058-a6fc7256ee7e,Lifestyle Solutions,2026-09-26
62da8b67e69732af872921e6e522c50f,Youth Worker,"Tamworth & North West NSW, NSW",Disability Support,Part Time Permanent,,https://careers.lifestylesolutions.org.au/jobs/youth-worker-tamworth-north-west-nsw-nsw-australia,Lifestyle Solutions,2026-09-26
327392066fee0252eb5dd816be0095a7,Disability Support Worker,"Brisbane, QLD",Disability Support,Casual,,https://careers.lifestylesolutions.org.au/jobs/disability-support-worker-brisbane-qld-australia-801946f7-aa62-4003-b765-f1a2d8cb6cba,Lifestyle Solutions,2026-09-26
b74dff3e45f2fdd3019f4c690a5002bf,Disability Support Worker,"Goulburn & Southern Tablelands, NSW",Disability Support,Casual,,https://careers.lifestylesolutions.org.au/jobs/disability-support-worker-goulburn-southern-tablelands-nsw-australia-7785644c-9477-4f91-8567-d350731cf70d,Lifestyle Solutions,2026-09-26
a284e27bed734d15af12910964b0411d,Disability Support Worker,"Innisfail, QLD",Disability Support,Casual,,https://careers.lifestylesolutions.org.au/jobs/disability-support-worker-innisfail-qld-australia-6215438d-bac3-456a-99a8-165c3553163c,Lifestyle Solutions,2026-09-26
b99925252088479f7b8b99ad6da2c6c3,Disability Support Worker,"Coffs Harbour & North Coast, NSW",Disability Support,Casual,,https://careers.lifestylesolutions.org.au/jobs/disability-support-worker-coffs-harbour-north-coast-nsw-australia-b98e1fbf-e671-41d5-8189-dd00541ceb8c,Lifestyle Solutions,2026-09-26
16ecfe538904c55e93fd684386292342,Youth Worker,"Rockhampton & Capricorn Coast, QLD",Disability Support,Part Time Permanent,,https://careers.lifestylesolutions.org.au/jobs/youth-worker-rockhampton-capricorn-coast-qld-australia-03e3f408-d057-4e7d-b5d5-394e1ea5e638,Lifestyle Solutions,2026-09-26
0e76201defb784fce0e0404030684f0b,Youth Worker,"Gladstone, QLD",Disability Support,Casual,,https://careers.lifestylesolutions.org.au/jobs/youth-worker-gladstone-qld-australia-b9bff451-bef7-4319-a584-09d8816b441d,Lifestyle Solutions,2026-09-26
a1726860dc899d144ab828d9ac51f43d,Disability Support Worker,"Goulburn & Southern Tablelands, NSW",Disability Support,Casual,,https://careers.lifestylesolutions.org.au/jobs/disability-support-worker-goulburn-southern-tablelands-nsw-australia-638556a7-09f7-4707-95b6-f42a5ace3653,Lifestyle Solutions,2026-09-26
32cec5599179d4e2e1d61ddb38e5f09d,Disability Support Worker,"Sydney, NSW",Disability Support,Casual,,https://careers.lifestylesolutions.org.au/jobs/disability-support-worker-sydney-nsw-australia-17e4066d-0bec-4526-a3f0-d95bd58a68d4,Lifestyle Solutions,2026-09-26
bbdf0cf07ce44297be1425f04ff7a22b,Therapeutic Specialist,"East Kimberley/Kununurra, WA",Disability Support,Full Time Fixed Term,,https://careers.lifestylesolutions.org.au/jobs/therapeutic-specialist-east-kimberley-kununurra-wa-australia-304927a8-9a3b-409c-ba12-4d83b9622568,Lifestyle Solutions,2026-09-26
92734ade6cfb13dc72bf3da1b125f64c,Part Time Therapeutic Youth Worker,"Albany & Great Southern, WA",Disability Support,"Casual


        
    
    
      Part Time Fixed Term",,https://careers.lifestylesolutions.org.au/jobs/part-time-therapeutic-youth-worker-albany-great-southern-wa-australia,Lifestyle Solutions,2026-09-26
66d0d0f45cb559c556124b658dba67f4,Part Time Therapeutic Youth Workers,"Albany & Great Southern, WA",Disability Support,"Casual


        
    
    
      Part Time Fixed Term",,https://careers.lifestylesolutions.org.au/jobs/part-time-therapeutic-youth-workers-albany-great-southern-wa-australia,Lifestyle Solutions,2026-09-26
6c3e724f8dee68808d6266df52611d2f,Part Time Therapeutic Youth Worker,"Albany & Great Southern, WA",Disability Support,"Casual


        
    
    
      Part Time Fixed Term",,https://careers.lifestylesolutions.org.au/jobs/part-time-therapeutic-youth-worker-albany-great-southern-wa-australia-94d75703-2f83-401b-8f33-dce094a04341,Lifestyle Solutions,2026-09-26
07d0e5291c05a28bd4b6e2a488840cb3,Behavioural Support Specialist | Hunter Cohort,"Newcastle, Maitland & Hunter, NSW",Disability Support,Full Time Permanent,,https://careers.lifestylesolutions.org.au/jobs/behavioural-support-specialist-hunter-cohort-newcastle-maitland-hunter-nsw-australia,Lifestyle Solutions,2026-09-26
553deb9fc071218f03777336a409acb4,Case Worker,"East Kimberley/Kununurra, WA",Disability Support,Full Time Fixed Term,,https://careers.lifestylesolutions.org.au/jobs/case-worker-east-kimberley-kununurra-wa-australia-551cbd8c-6af8-4adb-b364-3eb1d35e322f,Lifestyle Solutions,2026-09-26
c159578c90a17cf9dffff70f9b213b7f,Therapeutic Youth Worker,"East Kimberley/Kununurra, WA",Disability Support,Casual,,https://careers.lifestylesolutions.org.au/jobs/therapeutic-youth-worker-east-kimberley-kununurra-wa-australia-47b9b9a3-f952-4fbb-92ce-75e682d88e0f,Lifestyle Solutions,2026-09-26
7dc0254b29d067b67640f766bfec744f,Youth Worker,"Rockhampton & Capricorn Coast, QLD",Disability Support,Casual,,https://careers.lifestylesolutions.org.au/jobs/youth-worker-rockhampton-capricorn-coast-qld-australia-2392362a-0866-4cda-89bb-574d737763bd,Lifestyle Solutions,2026-09-26
3753883e71eda8c7ebfb3601b28195ae,Youth Worker | Gladstone,"Gladstone, QLD",Disability Support,Part Time Fixed Term,,https://careers.lifestylesolutions.org.au/jobs/youth-worker-gladstone-gladstone-qld-australia-6e33e1bd-820f-4050-ae91-110e2d6ea6b7,Lifestyle Solutions,2026-09-26
36738484122c436df9ed5ed484e7f67b,Youth Workers,"Bundaberg, QLD",Disability Support,Casual,,https://careers.lifestylesolutions.org.au/jobs/youth-workers-bundaberg-qld-australia,Lifestyle Solutions,2026-09-26
5fd8c4cb940989eb99cb2e1c12077ad5,Therapeutic Youth Worker - Casual,"Tamworth & North West NSW, NSW",Disability Support,Casual,,https://careers.lifestylesolutions.org.au/jobs/therapeutic-youth-worker-casual-tamworth-north-west-nsw-nsw-australia,Lifestyle Solutions,2026-09-26
3b63267d547d6fe8752d93dddca2944d,Case Worker,"East Kimberley/Kununurra, WA",Disability Support,Full Time Fixed Term,,https://careers.lifestylesolutions.org.au/jobs/case-worker-east-kimberley-kununurra-wa-australia,Lifestyle Solutions,2026-09-26
02c80b8cf38279ea033a0821939f3e92,House Manager,"Tamworth & North West NSW, NSW",Disability Support,Full Time Permanent,,https://careers.lifestylesolutions.org.au/jobs/house-manager-tamworth-north-west-nsw-nsw-australia-0a2fd743-bdde-47ec-8995-bf36b4613f59,Lifestyle Solutions,2026-09-26
f0429ae57af164963a64ecc496b33c32,Case Worker,"Tamworth & North West NSW, NSW",Disability Support,Full Time Permanent,,https://careers.lifestylesolutions.org.au/jobs/case-worker-tamworth-north-west-nsw-nsw-australia-7a3c5688-50d2-4466-9e62-a9ae5e2f9c92,Lifestyle Solutions,2026-09-26
86afef17cc564cdd40a29b4517bf2813,Case Worker | FT | Blacktown Cohort,"Sydney, NSW",Disability Support,Full Time Permanent,,https://careers.lifestylesolutions.org.au/jobs/case-worker-ft-blacktown-cohort-sydney-nsw-australia,Lifestyle Solutions,2026-09-26
d1bf3a5bf69560a20d35abd0a80f5807,On Call Incident Response,"Sydney, NSW",Disability Support,Full Time Permanent,,https://careers.lifestylesolutions.org.au/jobs/on-call-incident-response-sydney-nsw-australia,Lifestyle Solutions,2026-09-26
1acc6f3025e0f100565b9bbbfb27f839,"Cohort Coordinators | Child and Family Services | Hunter, Sydney & Tamworth Locations","Newcastle, Maitland & Hunter, NSW",Disability Support,Full Time Permanent,,https://careers.lifestylesolutions.org.au/jobs/cohort-coordinators-child-and-family-services-hunter-sydney-tamworth-locations-newcastle-maitland-hunter-nsw-australia,Lifestyle Solutions,2026-09-26
70ecfc03eb73bf4e4bfda9ca51a9f3cb,Therapeutic Specialist,"Sydney, NSW",Disability Support,Full Time Permanent,,https://careers.lifestylesolutions.org.au/jobs/therapeutic-specialist-sydney-nsw-australia-449cf2b5-12d1-4c03-a9dc-0a906dbdd05d,Lifestyle Solutions,2026-09-26
cf0a25ac448be4ae751184baa1d78e1a,Therapeutic Specialist,"Newcastle, Maitland & Hunter, NSW",Disability Support,Full Time Permanent,,https://careers.lifestylesolutions.org.au/jobs/therapeutic-specialist-newcastle-maitland-hunter-nsw-australia-b9d2ad83-fd1d-4a43-8f8b-ec5e9cf7a655,Lifestyle Solutions,2026-09-26
