ID,scrapeDate,Sponsored,Category,sponsorDate
1f3e40942afd1da33653b02afdc27e67,2026-10-03,true,,2026-10-03
059b48288c0b325bef8d91e887c89ae4,2026-10-03,true,,2026-10-03
44a3e13793f4311a6fa7a2f2520bb4ad,2026-10-03,true,,2026-10-03
e46d14decb36d4b030f444916c1769fa,2026-10-03,true,,2026-10-03
9a5a7dc4b6564d3c5e0af9ee88c2c7a8,2026-10-03,true,,2026-10-03
1de9bbed4422751c06b26163f73639c1,2026-10-03,true,,2026-10-03
7b239bc7af161b5e7e8e9d15a6cdc97d,2026-10-03,true,,2026-10-03
4293bd2bd2b1d8cdbe1ecc78207db7b6,2026-10-03,true,,2026-10-03
a3190b682936866985dec259144b4cc7,2026-10-03,true,,2026-10-03
be27313f782062004dfda98b6e385670,2026-10-03,true,,2026-10-03
fa14fedfb7b32ce15f2cf5d829577885,2026-10-03,true,,2026-10-03
1efee8b9dafd23b6d7185d7e7c90f9e4,2026-10-03,true,,2026-10-03
0a60c8ef8c8a966113d71dd41d823ddd,2026-10-03,true,,2026-10-03
781a233064ea8726f65fae5bef7a14ce,2026-10-03,true,,2026-10-03
22d667f51219e67e3fe878537c3c383b,2026-10-03,true,,2026-10-03
1f3e40942afd1da33653b02afdc27e67,2026-10-03,true,,2026-10-03
059b48288c0b325bef8d91e887c89ae4,2026-10-03,true,,2026-10-03
44a3e13793f4311a6fa7a2f2520bb4ad,2026-10-03,true,,2026-10-03
e46d14decb36d4b030f444916c1769fa,2026-10-03,true,,2026-10-03
9a5a7dc4b6564d3c5e0af9ee88c2c7a8,2026-10-03,true,,2026-10-03
1de9bbed4422751c06b26163f73639c1,2026-10-03,true,,2026-10-03
7b239bc7af161b5e7e8e9d15a6cdc97d,2026-10-03,true,,2026-10-03
4293bd2bd2b1d8cdbe1ecc78207db7b6,2026-10-03,true,,2026-10-03
a3190b682936866985dec259144b4cc7,2026-10-03,true,,2026-10-03
be27313f782062004dfda98b6e385670,2026-10-03,true,,2026-10-03
fa14fedfb7b32ce15f2cf5d829577885,2026-10-03,true,,2026-10-03
1efee8b9dafd23b6d7185d7e7c90f9e4,2026-10-03,true,,2026-10-03
0a60c8ef8c8a966113d71dd41d823ddd,2026-10-03,true,,2026-10-03
781a233064ea8726f65fae5bef7a14ce,2026-10-03,true,,2026-10-03
22d667f51219e67e3fe878537c3c383b,2026-10-03,true,,2026-10-03
11d826d4abf4f95e81cdc983c317bb77,2026-10-03,true,,2026-10-03
82b6b0daecf5edcee425a8c48e4c80fb,2026-10-03,true,,2026-10-03
ed49a5a0d5da496a4dff39683660f804,2026-10-03,true,,2026-10-03
c5979b06e6a19522360b0d76e6f41472,2026-10-03,true,,2026-10-03
364344d3fae0e7f1fe57551ab161bbe6,2026-10-03,true,,2026-10-03
b4f71f375c9d9b66f3bec6c8ae109c9b,2026-10-03,true,,2026-10-03
bdfcc62c2d931da2c391c6ced3764f49,2026-10-03,true,,2026-10-03
0cb77513750db9ab58d5a78bdedbd73b,2026-10-03,true,,2026-10-03
4e1135c492a7b4cbf81a292cfc94632d,2026-10-03,true,,2026-10-03
333c0816f1d01fefa479327b5752759d,2026-10-03,true,,2026-10-03
2b0136c44a88312b445e8484c0c8389a,2026-10-03,true,,2026-10-03
5a799067456b5cc50007e01f52f710d1,2026-10-03,true,,2026-10-03
8454d851f6e9590246ec9dec387ef86c,2026-10-03,true,,2026-10-03
d1069f4b2a461351c462cbfe01f4e826,2026-10-03,true,,2026-10-03
2d245365f33270362952e3bce822665c,2026-10-03,true,,2026-10-03
5d2e0d4cf82c94b8a8cebdb148daa321,2026-10-03,true,,2026-10-03
223d07c10f2df8fb6fce6c99dc041aef,2026-10-03,true,,2026-10-03
11d826d4abf4f95e81cdc983c317bb77,2026-10-03,true,,2026-10-03
82b6b0daecf5edcee425a8c48e4c80fb,2026-10-03,true,,2026-10-03
ed49a5a0d5da496a4dff39683660f804,2026-10-03,true,,2026-10-03
c5979b06e6a19522360b0d76e6f41472,2026-10-03,true,,2026-10-03
364344d3fae0e7f1fe57551ab161bbe6,2026-10-03,true,,2026-10-03
b4f71f375c9d9b66f3bec6c8ae109c9b,2026-10-03,true,,2026-10-03
bdfcc62c2d931da2c391c6ced3764f49,2026-10-03,true,,2026-10-03
0cb77513750db9ab58d5a78bdedbd73b,2026-10-03,true,,2026-10-03
4e1135c492a7b4cbf81a292cfc94632d,2026-10-03,true,,2026-10-03
333c0816f1d01fefa479327b5752759d,2026-10-03,true,,2026-10-03
2b0136c44a88312b445e8484c0c8389a,2026-10-03,true,,2026-10-03
5a799067456b5cc50007e01f52f710d1,2026-10-03,true,,2026-10-03
8454d851f6e9590246ec9dec387ef86c,2026-10-03,true,,2026-10-03
d1069f4b2a461351c462cbfe01f4e826,2026-10-03,true,,2026-10-03
2d245365f33270362952e3bce822665c,2026-10-03,true,,2026-10-03
5d2e0d4cf82c94b8a8cebdb148daa321,2026-10-03,true,,2026-10-03
223d07c10f2df8fb6fce6c99dc041aef,2026-10-03,true,,2026-10-03
847cb52bb56a6b646c6dda8291834d03,2026-10-03,true,,2026-10-03
ee900750c4953a9303112d501cee3f9d,2026-10-03,true,,2026-10-03
0b49cad3f797725c8759c5f7c6ced222,2026-10-03,true,,2026-10-03
18bc79605613490097b7a2c1743612b7,2026-10-03,true,,2026-10-03
f7fa107c7cdbeb6529bab77508c7c26b,2026-10-03,true,,2026-10-03
5221d1a6e4908875ba244a1378cd9b6f,2026-10-03,true,,2026-10-03
bef0ad8b92d13e4331f370b8534f3cc4,2026-10-03,true,,2026-10-03
340a27840bec0fd8a6c646e48fb1b6ff,2026-10-03,true,,2026-10-03
4b469f1dc76193bef50ea1ab0121094b,2026-10-03,true,,2026-10-03
c78b7a74045325ec9a77d145ea3c269f,2026-10-03,true,,2026-10-03
64c1278767ed31ea844405b8efbfc946,2026-10-03,true,,2026-10-03
694c4b3a1ffc20eb50e29612314c6949,2026-10-03,true,,2026-10-03
abb81b4a3485e168555d45967c7ac76a,2026-10-03,true,,2026-10-03
05f912f6f3c46ec21ab5f99829b7d41d,2026-10-03,true,,2026-10-03
6d196b8b0f75643e9faec1daae75a30e,2026-10-03,true,,2026-10-03
8ea2e0af0dd85861f6752d5202601833,2026-10-03,true,,2026-10-03
dad4da39da903c1ab92a050694f86b27,2026-10-03,true,,2026-10-03
6f09acf90635f8fd063e7132fefb3dad,2026-10-03,true,,2026-10-03
9c2f290caa5153d1144ae41363d17594,2026-10-03,true,,2026-10-03
847cb52bb56a6b646c6dda8291834d03,2026-10-03,true,,2026-10-03
ee900750c4953a9303112d501cee3f9d,2026-10-03,true,,2026-10-03
0b49cad3f797725c8759c5f7c6ced222,2026-10-03,true,,2026-10-03
18bc79605613490097b7a2c1743612b7,2026-10-03,true,,2026-10-03
f7fa107c7cdbeb6529bab77508c7c26b,2026-10-03,true,,2026-10-03
5221d1a6e4908875ba244a1378cd9b6f,2026-10-03,true,,2026-10-03
bef0ad8b92d13e4331f370b8534f3cc4,2026-10-03,true,,2026-10-03
340a27840bec0fd8a6c646e48fb1b6ff,2026-10-03,true,,2026-10-03
4b469f1dc76193bef50ea1ab0121094b,2026-10-03,true,,2026-10-03
c78b7a74045325ec9a77d145ea3c269f,2026-10-03,true,,2026-10-03
64c1278767ed31ea844405b8efbfc946,2026-10-03,true,,2026-10-03
694c4b3a1ffc20eb50e29612314c6949,2026-10-03,true,,2026-10-03
abb81b4a3485e168555d45967c7ac76a,2026-10-03,true,,2026-10-03
05f912f6f3c46ec21ab5f99829b7d41d,2026-10-03,true,,2026-10-03
6d196b8b0f75643e9faec1daae75a30e,2026-10-03,true,,2026-10-03
8ea2e0af0dd85861f6752d5202601833,2026-10-03,true,,2026-10-03
dad4da39da903c1ab92a050694f86b27,2026-10-03,true,,2026-10-03
6f09acf90635f8fd063e7132fefb3dad,2026-10-03,true,,2026-10-03
9c2f290caa5153d1144ae41363d17594,2026-10-03,true,,2026-10-03
df480a27a49b22a4f8da5a924519b3f4,2026-10-03,true,,2026-10-03
2f47bbf132d581eb33ef81bf1139307a,2026-10-03,true,,2026-10-03
9dd059c543886d711806efe87c2358ca,2026-10-03,true,,2026-10-03
c882546753daf7e3b7629a957efa0841,2026-10-03,true,,2026-10-03
23fa0d2ceb1424f381983f02b222ea37,2026-10-03,true,,2026-10-03
cb10e22d65a86e583ceade19e2a1ec39,2026-10-03,true,,2026-10-03
ec6c428ca664aa7af74abab38fcf67d0,2026-10-03,true,,2026-10-03
f9c8364d0e4948847fd4368ae52aac91,2026-10-03,true,,2026-10-03
5341b9e301ea8988d19d042e75cdae90,2026-10-03,true,,2026-10-03
95a89c8f6e5b9f6eacf72d90dc86e602,2026-10-03,true,,2026-10-03
b0c7b6fb8ecbb78ea371f7b9d2606cd0,2026-10-03,true,,2026-10-03
e17074ae84a6b16e8795da487dee671a,2026-10-03,true,,2026-10-03
8080bc660961f24097b11f124b1daa85,2026-10-03,true,,2026-10-03
f7d965e52fe4728f039d443b2a35200e,2026-10-03,true,,2026-10-03
9e5fd6b529fbf83631eaa0b08814f5ee,2026-10-03,true,,2026-10-03
a16607cf9f2fb69aa1114b0d1b2def7a,2026-10-03,true,,2026-10-03
db2a1a3a7d1dce12e1095c29b4204700,2026-10-03,true,,2026-10-03
2151ea60b614776b0c55acbd7e9787d8,2026-10-03,true,,2026-10-03
df480a27a49b22a4f8da5a924519b3f4,2026-10-03,true,,2026-10-03
2f47bbf132d581eb33ef81bf1139307a,2026-10-03,true,,2026-10-03
9dd059c543886d711806efe87c2358ca,2026-10-03,true,,2026-10-03
c882546753daf7e3b7629a957efa0841,2026-10-03,true,,2026-10-03
23fa0d2ceb1424f381983f02b222ea37,2026-10-03,true,,2026-10-03
cb10e22d65a86e583ceade19e2a1ec39,2026-10-03,true,,2026-10-03
ec6c428ca664aa7af74abab38fcf67d0,2026-10-03,true,,2026-10-03
f9c8364d0e4948847fd4368ae52aac91,2026-10-03,true,,2026-10-03
5341b9e301ea8988d19d042e75cdae90,2026-10-03,true,,2026-10-03
95a89c8f6e5b9f6eacf72d90dc86e602,2026-10-03,true,,2026-10-03
b0c7b6fb8ecbb78ea371f7b9d2606cd0,2026-10-03,true,,2026-10-03
e17074ae84a6b16e8795da487dee671a,2026-10-03,true,,2026-10-03
8080bc660961f24097b11f124b1daa85,2026-10-03,true,,2026-10-03
f7d965e52fe4728f039d443b2a35200e,2026-10-03,true,,2026-10-03
9e5fd6b529fbf83631eaa0b08814f5ee,2026-10-03,true,,2026-10-03
a16607cf9f2fb69aa1114b0d1b2def7a,2026-10-03,true,,2026-10-03
db2a1a3a7d1dce12e1095c29b4204700,2026-10-03,true,,2026-10-03
2151ea60b614776b0c55acbd7e9787d8,2026-10-03,true,,2026-10-03
944955c85d9e3039c4551f3db34694b5,2026-10-03,true,,2026-10-03
9179bc3dfb34c732607ab39f6d5a030d,2026-10-03,true,,2026-10-03
944955c85d9e3039c4551f3db34694b5,2026-10-03,true,,2026-10-03
9179bc3dfb34c732607ab39f6d5a030d,2026-10-03,true,,2026-10-03
