ID,scrapeDate,Sponsored,Category
229a2162ab7fef069f056ed360396922,2025-04-02,true,Urgent Job
97c8e1a2e68fa4d02d815ad6fb9aa3d4,2025-04-02,true,Popular Job
9a541e0b9b013cf71e6df8e3b03e2122,2025-04-02,true,Top Job
9495b43d25e528815871d0a606685647,2025-04-02,true,Top Job
7a697dbed453c075a4fe06ed90f827be,2025-04-02,true,Top Job
2e312153d228abe5de5b06128c984fbf,2025-04-02,true,Featured Job
ad3fd5873933f0fb42c0d97ae81c032c,2025-04-02,true,Urgent Job
fe472f879845456aec35ebdc7391a75c,2025-04-02,true,Top Job
764d1322e48ea365809f2b138bd96506,2025-04-02,true,Popular Job
a9d36316e497b0391953b9217c2e189e,2025-04-02,true,Top Job
01bfaf475d506661ba2637d647972151,2025-04-02,true,Popular Job
fbf0043457166538d13f62519fe03d55,2025-04-02,true,Featured Job
4d759f7b9fd99582711a016b6f426503,2025-04-02,true,Urgent Job
aaa05aa4a9b0d73d0f8429d971458731,2025-04-02,true,Featured Job
b9eba07c14cb70c29a344a597c2c4a77,2025-04-02,true,Top Job
aa0ad039db9091a281e1a3d20a3a7a8a,2025-04-02,true,Popular Job
1fbf50cc4e7abbd80660f1ea4f37b36a,2025-04-02,true,Top Job
e3e707fc7c56860d02929401f8bc5383,2025-04-02,true,Featured Job
f674bc5551bcd97c1320cfc04c09eabc,2025-04-02,true,Urgent Job
05a6bfc97cfeb3dafad153547e5f2641,2025-04-02,true,Popular Job
9bb5ecc01f65c5c3169703e352c4f47e,2025-04-02,true,Featured Job
7e38fe7417959857d34a863113880b25,2025-04-02,true,Urgent Job
dc3a9ebdbb7a18a4ac5ea13cf1eeba2c,2025-04-02,true,Top Job
ae654564b1999de9d0a123a583386c94,2025-04-02,true,Urgent Job
48579b348d45357ad287a7a77507e093,2025-04-02,true,Top Job
ba64922a2735d487868b0e86eacf40e3,2025-04-02,true,Featured Job
0ab82cbe3da9d1703b02f28151fec36b,2025-04-02,true,Urgent Job
cde7e15152b6a0bb85afed77524ca48f,2025-04-02,true,Popular Job
064f38d62aad15c1f8005eff90147b46,2025-04-02,true,Featured Job
7a697dbed453c075a4fe06ed90f827be,2025-04-02,true,Popular Job
d68a1debb362b42cc172d7a1bb6fc71c,2025-04-02,true,Top Job
0eb64ce1ad476f3236aa69117554d34c,2025-04-02,true,Urgent Job
69792447394d4aece1077a9c7babc97b,2025-04-02,true,Featured Job
8c126b9bc46dc904945c8d5ece088da5,2025-04-02,true,Urgent Job
9dedd9a975126b97ed92b3ded9306493,2025-04-02,true,Popular Job
265e46f3700dd8c9464dea3087009aad,2025-04-02,true,Featured Job
8e0ab3a29b48cc5c3f603c85672c864a,2025-04-02,true,Top Job
d51897ff289dc47e6d423866c5fa9d20,2025-04-02,true,Popular Job
396bf1abcdee46db3721109687fa2bdc,2025-04-02,true,Popular Job
9467fd05beb518086c452b1892e09cbf,2025-04-02,true,Top Job
b594fbbd82357004a74ba7d8973f92aa,2025-04-02,true,Featured Job
9c5cd4ae45f74c7b746390f02052a8f9,2025-04-02,true,Urgent Job
6c674eddfca00d296c53f4de508a2901,2025-04-02,true,Top Job
e218250fd06e8d40516d2097eb7244ec,2025-04-02,true,Featured Job
d413e583d9bf14816beb4583e39b790c,2025-04-02,true,Popular Job
0221c0413098b3c536bc2764f3feeb70,2025-04-02,true,Urgent Job
176bf195273fb043d4c81e5b08cf7cbd,2025-04-02,true,Featured Job
a5c994f5d1b732c36527ab53e7d4b6e5,2025-04-02,true,Urgent Job
f9e3bae4bf5f7b2c469be983b885d850,2025-04-02,true,Urgent Job
cdad8c6e90494b0b2a3a13594a0bb10d,2025-04-02,true,Featured Job
83f1927d1a841c0808381e05bb66c2da,2025-04-02,true,Featured Job
309c8111e0e9e15fa1c10b9e5b99e1c7,2025-04-02,true,Popular Job
a7444c9513caca47d49dd2752e7186bd,2025-04-02,true,Popular Job
8b5476d408ad43d22b488fca084ab56d,2025-04-02,true,Featured Job
7a35ac2aed7551c1358f27546d1e1918,2025-04-02,true,Featured Job
2d14589b0a0a8726409d8ba92616adc1,2025-04-02,true,Urgent Job
69126087f73be0a638286a02569c359a,2025-04-02,true,Featured Job
6d4ba8b60e8c1f7aaef0c95da830d7cb,2025-04-02,true,Top Job
e2b2761d32afebf644943b9900992c68,2025-04-02,true,Top Job
b097ef54ba25f2fdbdb158da061d9a61,2025-04-02,true,Urgent Job
ddc8317ef075941e0f0bc977a2cb3fdb,2025-04-02,true,Featured Job
e92cf2af8b6f3a2e3a68603a28e35764,2025-04-02,true,Urgent Job
acde6c90ff41f96e7b827e43be6bc4ee,2025-04-02,true,Urgent Job
2eec045401ba94abed86425c17ee7777,2025-04-02,true,Popular Job
f84b462c26528e7aa96cd946bbfba8ca,2025-04-02,true,Urgent Job
dfd9258c68c6cc886ee09ac45fb5b2f9,2025-04-02,true,Urgent Job
f7fc70529deed05665e65d1b64643582,2025-04-02,true,Urgent Job
c729097967a688cb2682d1900ed83e55,2025-04-02,true,Top Job
0d1c6085a0b137879295b2ef21253b23,2025-04-02,true,Urgent Job
65b84f2025ff444afc6fa96ff317c56d,2025-04-02,true,Urgent Job
fd4ffc7bad6b5e5a0835fcf9057484f8,2025-04-02,true,Featured Job
807aca56f7bd450cfd3fa8c2ef2cceae,2025-04-02,true,Featured Job
543a7d71fb3ba1918f6c31cdb2c27a76,2025-04-02,true,Featured Job
51f43a524e3e199bca547ec017de0326,2025-04-02,true,Urgent Job
0bc5ea00b526eeb2a34156b610135326,2025-04-02,true,Featured Job
99712d4be707c24b0453534b48e1347a,2025-04-02,true,Featured Job
0ae2c041096b16baf94c2452d7e47735,2025-04-02,true,Urgent Job
d65cb2d5462f791b38aba3c5edbaad7b,2025-04-02,true,Urgent Job
70563de77b7d401dc2b15e3138ffa6af,2025-04-02,true,Urgent Job
c660c723cec797188cfa4282162fa0b7,2025-04-02,true,Featured Job
46cb959de1113bf34b73aa6821dc5b50,2025-04-02,true,Popular Job
0cd0c082b56aaeb4c2b2062e0f5132e9,2025-04-02,true,Urgent Job
78154df121d9a845613e7c00b1046d25,2025-04-02,true,Top Job
7280c45576e3824fa9ad174f265b2307,2025-04-02,true,Urgent Job
82c35b71893f08e649d59c023ecb7a96,2025-04-02,true,Top Job
d801365f4bd7d40c8d6459e77dbbbcbf,2025-04-02,true,Urgent Job
7bf2e63b06f509eb143ab02c293bc3d9,2025-04-02,true,Urgent Job
750a04f579447f3fe1e6e0cba5b9438f,2025-04-02,true,Top Job
f66a00812d4c1fdb942e8bfdce2b934d,2025-04-02,true,Featured Job
26ce0bee6605c607c425869f60616158,2025-04-02,true,Urgent Job
13d972c2f65aed99b465512a3769c4cb,2025-04-02,true,Popular Job
484f4c2707401d9eab65190e6ea28997,2025-04-02,true,Top Job
ab446351823fd5d6eac2164f64f389e7,2025-04-02,true,Top Job
d9c2f8eb4f957856189e5fa15d4aec68,2025-04-02,true,Urgent Job
bec28cfb0138e019f70cc9c33eb8a87a,2025-04-02,true,Popular Job
cc95f20e736412f472db206a97712824,2025-04-02,true,Featured Job
967be4a01539811bfa101d782fa08d54,2025-04-02,true,Featured Job
2c3c2ffa2dbd75d87eccc6bb4323652b,2025-04-02,true,Urgent Job
8ba8e1a8cf4e14bc617a8bc9a041fe5a,2025-04-02,true,Top Job
4526ff097d78787e4aded96bed668b6d,2025-04-02,true,Top Job
